<?xml version="1.0" encoding="UTF-8" ?>
<!DOCTYPE configuration
        PUBLIC "-//mybatis.org/DTD Config 3.0//EN"
        "http://mybatis.org/dtd/mybatis-3-config.dtd">
<configuration>
    <settings>
        <setting name="mapUnderscoreToCamelCase" value="true"/>
    </settings>
    <typeAliases>
        <typeAlias type="com.human.cds.model.Member" alias="Member"/>
        <typeAlias type="com.human.cds.model.Community" alias="Community"/>
    </typeAliases>
    <mappers>
        <mapper resource="mappers/MemberMapper.xml"/>
        <mapper resource="mappers/CommunityMapper.xml"/>
    </mappers>
</configuration>
